timestamp,type,event,value
2025-11-04T16:08:30.842526,sound,play,ocean
2025-11-04T16:12:58.544958,sound,play,ocean
2025-11-04T16:13:13.323655,sound,stop,ocean
2025-11-04T16:13:13.927253,sound,play,ocean
2025-11-04T16:13:14.600562,sound,stop,ocean
2025-11-04T16:13:16.489059,timer,start,25
2025-11-04T16:13:28.036024,sound,play,ocean
2025-11-04T16:13:28.881337,sound,stop,ocean
2025-11-04T16:13:30.919978,ui,theme_toggle,
2025-11-04T16:13:32.484834,ui,theme_toggle,
2025-11-04T16:13:33.933266,ui,theme_toggle,
2025-11-04T16:20:40.978181,ui,theme_toggle,
2025-11-04T16:20:41.522072,ui,theme_toggle,
2025-11-04T16:20:41.850929,ui,theme_toggle,
2025-11-04T16:20:42.188085,ui,theme_toggle,
2025-11-04T16:20:42.516158,ui,theme_toggle,
2025-11-04T16:20:42.830422,ui,theme_toggle,
2025-11-04T16:20:43.181575,ui,theme_toggle,
2025-11-04T16:20:43.457137,ui,theme_toggle,
2025-11-04T16:20:49.593892,timer,start,25
2025-11-04T16:20:50.383983,timer,start,25
2025-11-04T16:20:52.388752,timer,start,25
2025-11-04T16:23:56.001228,ui,theme_toggle,
2025-11-04T16:23:56.540703,ui,theme_toggle,
2025-11-04T16:23:56.879211,ui,theme_toggle,
2025-11-04T16:23:57.423741,ui,theme_toggle,
2025-11-04T16:23:57.867814,ui,theme_toggle,
2025-11-04T16:23:58.218560,ui,theme_toggle,
2025-11-04T16:24:57.062711,ui,theme_toggle,
2025-11-04T16:25:00.363615,ui,theme_toggle,
2025-11-04T16:25:01.407358,ui,theme_toggle,
2025-11-04T16:25:04.801239,ui,theme_toggle,
2025-11-04T16:25:06.398684,ui,theme_toggle,
2025-11-04T16:25:07.611227,ui,theme_toggle,
2025-11-04T16:25:08.471164,ui,theme_toggle,
2025-11-04T16:25:09.131203,ui,theme_toggle,
2025-11-04T16:25:09.601535,ui,theme_toggle,
2025-11-04T16:25:10.010105,ui,theme_toggle,
2025-11-04T16:26:16.856855,reminder,1,1
2025-11-04T16:26:16.857267,reminder,1,1
2025-11-04T16:27:03.128077,timer,start,25
2025-11-04T16:27:16.861656,reminder,1,1
2025-11-04T16:27:16.863806,reminder,1,1
2025-11-04T16:27:17.859427,ui,theme_toggle,
2025-11-04T16:27:18.514123,ui,theme_toggle,
2025-11-04T16:27:21.047824,ui,theme_toggle,
2025-11-04T16:27:22.327791,ui,theme_toggle,
2025-11-04T16:27:49.014958,ui,theme_toggle,
2025-11-04T16:27:50.508804,ui,theme_toggle,
2025-11-04T16:27:55.424884,ui,theme_toggle,
2025-11-04T16:30:59.173869,ui,test_notification,
2025-11-04T16:31:43.922257,ui,test_notification,
2025-11-04T16:31:44.879026,ui,test_notification,
2025-11-04T16:31:45.047151,ui,test_notification,
2025-11-04T16:31:45.533533,ui,test_notification,
2025-11-04T16:31:45.883255,ui,test_notification,
2025-11-04T16:34:48.663297,ui,test_notification,
2025-11-04T16:39:11.171776,reminder,3,1
2025-11-04T16:39:11.172905,reminder,3,1
2025-11-04T16:41:43.861142,reminder,3,test
2025-11-04T16:41:45.264585,reminder,2,test
2025-11-04T16:42:50.196449,reminder,2,1
2025-11-04T16:42:50.196537,reminder,2,1
2025-11-04T16:49:09.484145,timer,start,25
2025-11-04T16:49:13.612471,timer,start,25
2025-11-04T16:49:25.781142,timer,start,25
2025-11-04T16:57:52.786896,ui,theme_toggle,
2025-11-04T16:57:53.229795,ui,theme_toggle,
2025-11-04T16:57:54.454719,ui,theme_toggle,
2025-11-04T16:57:55.123449,ui,theme_toggle,
2025-11-04T16:58:00.494185,timer,start,25
2025-11-04T16:58:06.581529,timer,start,25
2025-11-04T16:58:07.438786,timer,start,25
2025-11-04T17:03:32.874275,ui,test_notification,
2025-11-04T17:04:37.948222,timer,start,1
2025-11-04T17:04:53.108553,ui,theme_toggle,
2025-11-04T17:04:57.024628,ui,theme_toggle,
2025-11-04T17:05:00.048395,timer,start,1
2025-11-04T17:06:00.202237,timer,done,1
2025-11-04T17:06:00.203543,stats,focus_minutes,1
2025-11-04T17:17:37.165422,ui,theme_toggle,
2025-11-04T17:17:40.936599,timer,pomodoro_start,1
2025-11-04T17:18:21.347300,timer,pomodoro_start,1
2025-11-04T17:19:32.569261,timer,pomodoro_start,1
2025-11-04T17:20:32.712754,stats,focus_minutes,1
2025-11-04T17:20:32.712807,timer,pomodoro_complete,1
2025-11-04T17:20:32.713956,stats,pomodoro_count,1
2025-11-04T17:23:07.851732,timer,pomodoro_start,1
2025-11-04T17:28:21.507515,timer,pomodoro_start,1
2025-11-04T17:28:25.328186,timer,stopwatch_start,
2025-11-05T08:58:55.508485,ui,test_notification,
2025-11-05T08:58:56.797537,ui,test_notification,
2025-11-05T08:58:56.981508,ui,test_notification,
2025-11-05T08:58:57.154403,ui,test_notification,
2025-11-05T08:58:57.301509,ui,test_notification,
2025-11-05T08:58:57.493999,ui,test_notification,
2025-11-05T09:00:01.684242,reminder,2,test
2025-11-05T09:00:02.633110,reminder,2,test
2025-11-05T09:00:02.975160,reminder,2,test
2025-11-05T14:56:42.883347,sound,play,forest
2025-11-05T14:56:43.913839,sound,play,kofi
2025-11-05T14:56:44.371702,sound,stop,forest
2025-11-05T14:56:47.395953,sound,play,rain
2025-11-05T14:56:47.825842,sound,stop,kofi
2025-11-05T14:56:48.751156,sound,play,whitenoise
2025-11-05T14:56:49.180939,sound,stop,rain
2025-11-05T14:56:50.698368,sound,stop,whitenoise
2025-11-05T15:08:23.345175,timer,pomodoro_start,1
2025-11-05T15:08:43.054259,journal,create,test journal
2025-11-05T15:09:23.491926,timer,pomodoro_complete,1
2025-11-05T15:09:23.492943,stats,focus_minutes,1
2025-11-05T15:09:23.493335,stats,pomodoro_count,1
2025-11-05T15:09:34.821567,reminder,2,1
2025-11-05T15:09:34.823670,reminder,2,1
2025-11-05T15:47:30.212437,sound,play,forest
2025-11-05T15:47:32.083501,sound,stop,forest
2025-11-05T15:47:32.662751,sound,play,forest
2025-11-05T15:47:36.418025,sound,stop,forest
2025-11-05T15:47:37.099086,sound,play,kofi
2025-11-05T15:47:42.980685,sound,stop,kofi
2025-11-05T15:47:44.032061,sound,play,rain
2025-11-05T15:47:45.268398,sound,stop,rain
2025-11-05T15:47:46.815327,sound,play,whitenoise
2025-11-05T15:47:47.641996,sound,stop,whitenoise
2025-11-05T15:47:48.265659,sound,play,rain
2025-11-05T15:47:49.286921,sound,play,kofi
2025-11-05T15:47:54.075217,sound,stop,kofi
2025-11-05T15:47:54.669298,sound,stop,rain
2025-11-05T15:48:06.106006,timer,pomodoro_start,1
2025-11-05T15:48:09.441250,timer,stopwatch_start,
2025-11-05T15:49:02.299320,journal,create,this is my first journal entry
2025-11-05T15:49:06.273397,timer,pomodoro_complete,1
2025-11-05T15:49:06.274457,stats,focus_minutes,1
2025-11-05T15:49:06.278616,stats,pomodoro_count,1
2025-11-05T15:49:32.195979,reminder,4,1
2025-11-05T15:49:32.197723,reminder,4,1
2025-11-05T15:49:35.545306,journal,delete,1
2025-11-05T15:50:45.565805,ui,theme_toggle,
2025-11-05T15:50:48.568734,ui,theme_toggle,
2025-11-05T15:50:50.618088,ui,theme_toggle,
2025-11-05T15:50:54.997708,reminder,4,1
2025-11-05T15:50:54.998818,reminder,4,1
2025-11-05T15:51:13.985062,reminder,4,test
2025-11-05T15:51:49.094559,ui,theme_toggle,
2025-11-05T15:51:49.853087,ui,theme_toggle,
2025-11-05T15:51:53.208917,ui,theme_toggle,
2025-11-05T15:51:55.466887,ui,theme_toggle,
2025-11-05T15:51:55.925915,ui,theme_toggle,
2025-11-05T15:51:57.762813,ui,test_notification,
2025-11-05T15:51:58.342909,ui,test_notification,
2025-11-05T15:51:58.517958,ui,test_notification,
2025-11-05T15:51:58.838949,ui,test_notification,
2025-11-05T15:51:58.968691,ui,test_notification,
2025-11-05T15:51:59.319526,ui,test_notification,
2025-11-05T16:39:07.054929,timer,pomodoro_start,4x25min
2025-11-05T16:40:31.575439,reminder,4,1
2025-11-05T16:40:31.576152,reminder,4,1
2025-11-05T16:41:32.198547,reminder,4,1
2025-11-05T16:41:32.199533,reminder,4,1
2025-11-05T16:43:14.957412,timer,pomodoro_start,4x25min
2025-11-05T16:43:23.045409,timer,pomodoro_start,4x25min
2025-11-05T16:43:28.354655,sound,play,forest
2025-11-05T16:43:42.913971,sound,play,kofi
2025-11-05T16:43:43.663062,sound,stop,forest
2025-11-05T16:43:44.197053,sound,stop,kofi
2025-11-05T16:43:46.892871,timer,pomodoro_start,4x25min
2025-11-05T16:44:30.364152,timer,pomodoro_start,4x25min
2025-11-05T16:44:34.188191,timer,pomodoro_start,4x25min
2025-11-05T16:44:41.465514,timer,pomodoro_start,4x1min
2025-11-05T16:45:41.634845,timer,pomodoro_work_complete,1
2025-11-05T16:45:41.635632,stats,focus_minutes,1
2025-11-05T16:45:41.635978,stats,pomodoro_count,1
2025-11-05T16:45:41.636713,timer,pomodoro_break_start,5
2025-11-05T16:48:32.328661,timer,pomodoro_start,4x1min
2025-11-05T16:48:33.684512,stats,focus_minutes,1
2025-11-05T16:48:33.683798,timer,pomodoro_work_skipped,1
2025-11-05T16:48:33.686463,stats,pomodoro_count,1
2025-11-05T16:48:33.687656,timer,pomodoro_break_start,5
2025-11-05T16:48:37.075232,timer,pomodoro_break_skipped,5
2025-11-05T16:48:37.076334,timer,pomodoro_work_start,session_2
2025-11-05T16:48:38.993893,timer,pomodoro_work_skipped,1
2025-11-05T16:48:38.994545,stats,pomodoro_count,1
2025-11-05T16:48:38.994268,stats,focus_minutes,1
2025-11-05T16:48:38.995102,timer,pomodoro_break_start,5
2025-11-05T16:48:40.552601,timer,pomodoro_break_skipped,5
2025-11-05T16:48:40.554189,timer,pomodoro_work_start,session_3
2025-11-05T17:11:23.105978,video,download_complete,Gay Pajamas
2025-11-05T17:17:06.988930,video,download_complete,Gay Pajamas
2025-11-05T17:26:54.298283,video,download_complete,Point-to-Point Protocol (PPP)
2025-11-05T17:36:48.815940,video,download_complete,Point-to-Point Protocol (PPP)
